<?xml version="1.0" encoding="UTF-8"?>
<project-private xmlns="http://www.netbeans.org/ns/project-private/1">
    <editor-bookmarks xmlns="http://www.netbeans.org/ns/editor-bookmarks/2" lastBookmarkId="0"/>
    <open-files xmlns="http://www.netbeans.org/ns/projectui-open-files/2">
        <group>
            <file>file:/C:/Users/tuffx/OneDrive/Documents/NetBeansProjects/Java_Aplication/src/program/Kalkulator.java</file>
            <file>file:/C:/Users/tuffx/OneDrive/Documents/NetBeansProjects/Java_Aplication/src/program/PembagianKalkulator.java</file>
            <file>file:/C:/Users/tuffx/OneDrive/Documents/NetBeansProjects/Java_Aplication/src/program/OperasiMatematika.java</file>
            <file>file:/C:/Users/tuffx/OneDrive/Documents/NetBeansProjects/Java_Aplication/src/program/KalkulatorOperasi.java</file>
            <file>file:/C:/Users/tuffx/OneDrive/Documents/NetBeansProjects/Java_Aplication/src/program/PenguranganKalkulator.java</file>
            <file>file:/C:/Users/tuffx/OneDrive/Documents/NetBeansProjects/Java_Aplication/src/program/PenjumlahanKalkulator.java</file>
            <file>file:/C:/Users/tuffx/OneDrive/Documents/NetBeansProjects/Java_Aplication/src/program/PerkalianKalkulator.java</file>
        </group>
    </open-files>
</project-private>
